text,label,notes
"Shuichi Kai's father, Tsutomu Akai. The boss? Still alive? Gin? So many theories about this. Actually I don't think he's dead. He's too smart to be killed, just like his son. So where is he? I have read that he may be the head of the organization, although I think he is not the case. I have also seen that it could be Gin, but with Mary being part of the MI6 it wouldn't be appropriate for both parts. Or maybe Tsutomu killed the real Gin and took his name and appearance. Anyways, I don't think he's Gin but still believe he's alive somewhere taking a new name. Like father, like son.",hot_take,pre-labeled — confident opinion with no verifiable supporting argument
"I don't think akai's father is the boss coz in scarlet bullet or the scarlet alibi(where it tells the story of the akai family)it shows that akai joined fbi and all those sorts to find out what happened to his father and who are the people who presumably killed him(I know he's not dead)and his mother mary i think discourages him of doing so, so how come akai's father the boss if his own family are trying to find him , unless I'm missing somat Coz I watched all the movies but I'm on episode 263",analysis,references specific canon events (Scarlet Bullet/Alibi) as structured counter-evidence
"I also have another theory that goes along with the first one: Well it's known how Carasuma (the shady rich guy that died 40 years ago brought to light by Yusaku kudo after putting together the message from the 17 year old case ) might be in charge of the organization. I believe that Carasuma is the old guy seen breathing through a mask in a passing car in the file 1090 and he is indeed the boss of the organization. My theory is that he faked his death after being diagnosed with a disease and he started looking for a cure which landed him on the medicine created by shiho's parents. After he took it, it didn't cure him but it made him stay the same over the years which leads me to believe that Vermouth took it which is why she still looks the same since she murdered Judie's father. It would also explain why Vermouth didn't seem that surprised at the idea of Shinchi and Shiho shrinking. She would have seen something like that beforehand to even consider that option. In addition to that, Amuro has already revealed that Vermouth was directly linked to the boss which leads me to believe that she's probably his daughter and Momiji is his grand daughter.",analysis,long chain of specific canon references (file 1090 Karasuma car scene Vermouth aging Amuro statement) all supporting a central claim
"Shinichi's specific morals are a huge part of him and they don't really mesh with a hypothetical future employment with an alphabet agency. You could argue there is space in murder investigation departments but also like, he's doing a lot of good, at a greater volume, by solving every murder he stumbles on twice a day.",analysis,structured reasoning about character values with logical supporting argument
"Okay, this is going to sound absolutely insane, but just give me a moment. What if Kogoro Mouri is actually Renya Karasuma, the original boss of the Black Organization? Yes, THE Karasuma, the legendary millionaire who died decades ago — what if he didn't die… but took the APTX4869, became a child again, and secretly started a new life under the identity of Kogoro? Renya Karasuma, obsessed with eternal life, funds the research that eventually creates APTX4869. At some point, perhaps facing death due to old age or illness, he decides to test it on himself. Instead of dying, he is de-aged to a 6-year-old child — like what happened to Shinichi and Haibara. He fakes his disappearance and is placed into a fake family or orphanage set up by the Organization.",analysis,borderline — elaborate theory with specific canon references (APTX Karasuma Vermouth protection) forming a structured chain of reasoning
"Pretty sure in the later episodes, they mentioned that he and Eri met when they were children, not high schoolers. Plus, this feels more like a fan-fic than a theory.",reaction,immediate pushback reaction with minimal supporting reasoning
"You provided nearly zero evidence for it. Fair — I did say it was a wild theory. It's more of a what-if narrative sandbox than a full-blown deduction with canon-proof. That said, part of the fun with Detective Conan is connecting dots that could exist. Kogorou is not stupid or a bad detective, he's just extremely lazy. Totally agree — that's why this theory doesn't hinge on him being dumb. In fact, the theory assumes he's smart but purposely inconsistent. If you were secretly the boss of a global crime syndicate, would you want to look like Sherlock Holmes in public? Or like a bumbling oaf no one takes seriously? His laziness could be a long-con cover to remain beneath suspicion.",analysis,structured rebuttal with logical reasoning about character behavior as evidence
"I have this detective Conan theory I've been thinking about. Momiji Ooka could be directly linked to the black organization. She first appeared in episode 874 and was immediately introduced as Heiji's future bride due to a promise that he made to her when they were young. Her motives are way deeper than what she makes us think. Momiji is a skilled detective. She's may try to seem clumsy or not sharp enough but she is clearly hiding behind that cute girl etiquette. She solved a case just from hearing voice from phone and noticed knowing names of Kyoto on code. I think Vermouth is her mother due to their similar traits of personality and also their physiques. Also her being linked to the organization could explain her sudden adding to the anime so far into the series.",analysis,specific canon evidence cited (episode 874 phone case Kyoto code Vermouth similarity) supporting the central claim
"Gosho was actually going to write a full fledged B.O case instead of just name dropping Karasuma as the boss after the school trip but due to his poor health at that time he changed his initial plan. Now I'm not sure if this is a well known fact or not but I was quite surprised after knowing this as I wonder what different scenario would have happened if we immediately got a B.O case after the school trip.",reaction,emotional response to a piece of behind-the-scenes trivia — wondering and surprise dominate
"In the 1134th manga, A Chance Meeting, when the boss of the Poirot Cafe gave Kogoro a pack of coffee beans, Ran looked at the pack and recalled her memory when she was 10, where she and Shinichi met Amuro and his friends.",analysis,precise chapter reference (1134) used as evidence in a plot-point observation
"That time, Shinichi was playing football and broke a pipe, causing it to leak, Hagiwara stuffed a baseball there to stop the leaking. Matsuda told Shinichi and Ran that if there is any problem, they can tell him, where Matsuda referred himself as police. This caused Shinichi to said that Matsuda isn't technically a police yet.",analysis,detailed scene reconstruction citing specific character actions as canon evidence
"Then Furuya came, and Matsuda asked again, so Shinichi finally confessed that there is a haunted house. After solving the case and blah blah blah, they found out that there are people illegally growing drugs/cannabis in the house, which led to Furuya and his friends featured in a report, and on the news. Now in this scene, there is a picture of Hiromitsu wearing a bag that is very similar to the one he wear while he was in the organization (the sniper one)",analysis,specific visual observation (Hiromitsu's bag detail) cited as meaningful canon evidence
"It just came to me that aptx is weird. I thought it made someone younger by 10 years since both haibara and conan became elementary students. But then there is Mary, she should be in her late 30s to 40s but she took a single pill and also turned into an elementary student. If let's assume she is 37 years old she has become 30 years younger. If the theory that vermouth uses aptx to stay younger is true then how is vermouth not a kid. We know vermouth is really old she looked just like how she looks now when she killed jodies family decades ago.",analysis,structured inconsistency argument using multiple canon data points (Conan Haibara Mary Vermouth aging) to expose a logical gap
"This is fucking good! You can't say that this is irrational — THE WHOLE SHOW IS BONKERS ANYWAY! It gave me Diavolo from JoJo's Bizarre Adventure vibes and THAT is something I very much enjoy!",reaction,pure enthusiastic emotional response with no argument
I simply CANNOT wait to see 10 chapters focused on policeman #24's lovestory featuring their childhood friend,reaction,sarcastic reaction expressing frustration — emotional not argumentative
"Vermouth feels like she was always part of the organisation, despite the fact that deep down she's not as evil as the others. It feels more to me like she's the boss daughter, and was thrown into the organisation since a young age, i think",hot_take,opinion asserted from feeling/intuition with no specific evidence
OP here : I say with a 99% conviction that Vermouth is The Boss' Daughter.,hot_take,bold confident claim stated with no supporting reasoning
Vermouth is the daughter of Renya and was tested with a drug that halted her age when she was around 25-30 almost 60-70 years ago.,hot_take,specific-sounding but entirely speculative — no canon evidence cited
But personally I dont find most of Conan's mysteries as Amazing and mind blowing or even having a good twist.,hot_take,subjective blanket opinion with no supporting examples
"I finished watching this episode for the first time and it was really fun. I was wondering if anyone else got a Home Alone vibe while watching especially with the two thieves reactions and the pranks pulled by using only toys which looked similar like the ones used in the movies or was it just me?",reaction,immediate post-watching response — sharing a feeling and asking if others shared it
"Totally! Probably it was inspired by that, who knows.",reaction,brief casual reaction agreeing with another post — no argument
I was hoping that it wasn't going to be That Guy because it was just too obvious I mean... right after a failed assassination attempt he shows up and tries to get close to Kogoro at any given chance..... but in a way it did have a small shock reaction because of it being obvious.....,reaction,real-time reaction to a reveal — expressing surprise and processing feelings
"14th target: This was a blast! This felt like a conan plotline I know. The mystery part was really good. You won't be able to tell who's the culprit that easily. The setting was pretty good too. Someone appears to be taking revenge on Kogori Mori targeting people close to him. Motive was a bit weak in my taste but overall a well written movie. And I can't say no to when kogori Mori shines in the movie with the reveal of why he shoot his wife in the backstory.",reaction,post-watch emotional review — impressions and feelings about the movie dominate
"Time Bombed Skyscraper: It was a decent start for my marathon. It had a simple plot. Conan was tasked to stop the bombs setup by the criminal before they explode. The identity of the killer was too obvious to tell so there's not much on the mystery. The animation was pretty good too. The movie emphasized on the color red too often that the twist was to avoid the red wire in the ending. Overall I didn't have awe reaction in this film hence the b rating.",reaction,post-watch review — personal impressions and ratings
"Last Wizard of the Century: This one in particular was a bit boring imo. The plot revolves around solving the mystery behind a jewellery egg which was made by a Russian craftsmen which had a lot of stories and secret codes behind it. They go through the contraptions and passwords that they need to solve using hints laid by the Russian guy. I think I hate the Rasputin plot twist it was so bad. Not to mention there's not much role of the supporting casts like the young detective league, ran, sonoko etc in this film. Also Kaito Kid had much better moment in other movies",reaction,personal viewing reaction with emotional judgments — no structured argument
"Magician of Silver Sky: Aw yeah! Back to more mission impossible stunts baby! Conan and his friends are piloting a plane for god sake. Kaito Kid really shined in this scene and fight between him and conan was awesome. I like all the setup and all but they really made the murder mystery too short and simple case of poison her with makeup. Other than that I enjoyed this movie alot!",reaction,enthusiastic post-watch reaction
Conan's landing reminds me of the gymnastics landing positions :D. I was Looking through my videos and saw this. I just wanted to share this scene to y'all.,reaction,casual sharing of a fun observation — no argument
he's so cute sometimes LOL,reaction,brief emotional reaction
Hot take. Some filler episodes I want dubbed.,hot_take,stated as a personal preference with no supporting reasoning
HOT TAKE: TEAM CONAN > BLACK ORGANIZATION,hot_take,self-labeled hot take — bold assertion with zero supporting argument
"Hello! I have an unpopular opinion, it really annoys me that the quality of the cases has dropped so much. I mean, the cases tend to be very predictable and also without context built, that makes me more disappointed. Not to mention the issue of blood and deaths but that has a reasonable explanation. I hope that Gosho Aoyama focuses it a little more on adults, just a little more, like at the beginning. But anyway, in the end I always was, am and will be a fan. I just miss the old cases",hot_take,opinion about quality decline stated without structured evidence or specific case comparisons
"I wanted to know what are controversial opinions you guys have when it comes to DC. Kogoro needs to stop being weird and lazy and get his act together. Is getting annoying watching him get wasted and being a womanizer, the saddest part of it is that his daughter is witnessing all of that. He can be an amazing smart character when he needs to but he needs to collect himself a little. Also, he needs to fix his marriage.",hot_take,subjective character criticism without supporting argument
I loved the connection between Kaito Kid and Shinichi that was revealed,reaction,brief emotional reaction to a canon revelation
I love Agasa's hot air balloon that he and the detective boys ride on during the climax. It reminds me of team rocket's Meowth hot air balloon.,reaction,casual fun reaction comparing two series
This movie is so peak it got heiji sword fighting on top of a tiny plane no one was controlling and somehow they saved the day,reaction,enthusiastic reaction to an action scene
Hot Take: Rum is smarter than Conan,hot_take,single-sentence bold claim with zero supporting reasoning
"Also, i don't think gin is that smart. I mean he is quite smart, but significantly less than conan, kaitou, akai, rumi, etc",hot_take,ranking opinion stated without evidence
Early filler episodes are way better than later canon main plot episodes,hot_take,bold comparative opinion with no supporting argument
The series needs to come to a conclusion. I don't want a thousand more episodes to know how Conan et al will defeat the Black Organization,hot_take,opinion/frustration stated without structured reasoning
Mizunashi Rena and Eisuke Hondo > Rei Furuya,hot_take,pure ranking opinion — no reasoning given
They can remove >300 episodes and it would improve the experience.,hot_take,bold claim stated without specifying which episodes or why
"The Scarlet Return arc is structurally the strongest multi-episode arc in the series. It resolves years of setup about Akai's survival, reintroduces Amuro and Vermouth as opposing forces, and does so without requiring the audience to remember dozens of minor details. The payoff is earned because the setup was distributed carefully across 200+ chapters rather than front-loaded.",analysis,structured argument about arc construction with specific references to Akai's arc and setup pacing
"Haibara's character arc is the most thematically complete in the series. She starts as someone who sees death as inevitable — she made the drug that killed people — and slowly learns to value her own survival through her relationship with the Detective Boys. The shift isn't announced, it's shown through her behavior in cases like the Vermouth arc where she chooses to trust Conan despite everything.",analysis,character arc argument supported by specific behavioral evidence across named arcs
"The reason Conan's disguise plots have become less tense over time is structural: in early arcs, being discovered as Shinichi meant immediate danger from the Black Organization. But now that the org is fractured and Bourbon/Amuro already knows, the stakes of exposure have been diluted. The plot armor has expanded to match the threat reduction.",analysis,structured causal argument about narrative tension using specific plot developments as evidence
"Gosho's use of the hint-in-plain-sight technique is most effective in the Vermouth arc. The clue that she is Sharon Vineyard is seeded across three separate chapters before the reveal, through inconsistencies in her behavior at the film set that a first-time reader would dismiss as quirks. On reread they form a clear logical chain.",analysis,specific technique analysis citing the Vermouth arc and cross-chapter evidence
"The One Truth Prevails theme is undercut by how many times Conan is wrong in filler cases. There are at least 6 early episodes where his first deduction is incorrect and he revises mid-case. This is actually good writing — it shows he's reasoning, not oracle-ing — but it conflicts with the show's stated motto.",analysis,structured argument using a counted pattern (6 episodes) to challenge a thematic claim
"Kid's heists work narratively because they follow a different logic than Conan's murder cases. A heist is about intention and misdirection from the start. A murder case is about reconstruction. When the two cross over, the tonal dissonance is usually handled by giving Conan the reconstruction role and Kid the misdirection role, which is why their team-ups feel satisfying.",analysis,genre analysis comparing structural logic of heist vs murder mystery with specific role observation
"The reason the Rum arc has stalled is that Gosho wrote himself into a corner with three simultaneous red herrings. Wakita, Kuroda, and Hyoue are each introduced with visual and behavioral cues that suggest they are Rum, but resolving any one of them too quickly would collapse the tension of the other two. It's a Chekhov's gun problem — he placed too many guns.",analysis,structural storytelling argument about a specific ongoing arc with named candidates as evidence
"Mary Sera's de-aging is more narratively significant than Haibara's because it creates a situation where the mother is now younger in appearance than her own children. That dynamic — a mother unable to be seen as a mother — is the emotional engine behind Shuichi's reluctance to involve his family directly in any operation.",analysis,thematic argument about character dynamics using specific canon detail (Mary's appearance vs her children's ages)
"Gin's effectiveness as an antagonist relies on restraint. He appears rarely, acts decisively, and is never shown failing except once — the Kir incident — which is treated as a serious organizational crisis. This economy of appearances is what makes him threatening. The moment he becomes a recurring presence in cases, the threat collapses.",analysis,character effectiveness argument using a specific exception (Kir arc) as supporting evidence
"The Desperate Revival arc is the best executed romance arc in the series not because of the confession, but because of what Conan can't say. The entire arc runs on dramatic irony — the audience knows Conan is Shinichi, Ran almost knows, and yet the moment of truth keeps getting deferred. The tension is structural, not melodramatic.",analysis,arc analysis focused on dramatic irony as a structural device with specific reference to the confession scene
"Kogoro's detective skills are actually more consistent than fans give him credit for. In cases where he's sober and engaged — the Luxury Liner arc, the Mouri house hostage case — his observations are genuinely sharp. The inconsistency is motivated: Gosho needs him to be fallible to give Conan room to operate.",analysis,character defense using specific arc references and a structural explanation for apparent inconsistency
"The APTX drug is narratively over-determined. It has now been used to explain: Shinichi's shrinking, Haibara's survival, Mary's condition, Vermouth's agelessness, and is hinted to relate to Karasuma's longevity. When one MacGuffin explains too many things, it starts to feel like a catch-all rather than a plot device. The series would benefit from introducing a separate mechanism for at least one of these.",analysis,structured critique of a plot device using a list of its over-used applications as evidence
"Ran's deduction scenes in the Desperate Revival arc show that she is a competent detective in her own right. She reconstructs Shinichi's presence from behavioral inconsistencies — the way Conan flinches at her questions, the timing of phone calls, the physical tells. She's not wrong. The narrative has to work actively against her conclusion to preserve the secret.",analysis,specific scene analysis citing behavioral evidence Ran uses as a genuine argument about her detective capability
"The Detective Boys function as a calibration device for case difficulty. Easy cases — ones that would bore adult readers — are handed to the kids as their own investigations. Harder cases escalate to Conan. This structural division means the show can serve multiple difficulty registers without the tonal inconsistency feeling random.",analysis,structural analysis of how characters are used to regulate narrative pacing
"Conan's use of the voice-changing bowtie raises an unresolved plot problem. Every time he impersonates Kogoro, there are witnesses. Over 1000 chapters, it strains credibility that no one — not a detective, not a forensic expert, not a journalist — has noted that Kogoro always solves cases while apparently asleep. The show has never addressed this gap and probably never will.",analysis,plot consistency argument using the frequency of a recurring device across 1000+ chapters as evidence
"The Black Organization's internal hierarchy is deliberately kept opaque, and this is a structural choice, not an oversight. Showing too much of how the org operates would remove the threat. Their power comes from what we don't know. The few glimpses we get — Gin's autonomy, Vermouth's special treatment, Bourbon's dual mission — are carefully rationed.",analysis,meta-narrative argument about information management using specific character examples as evidence
"Heiji and Kazuha's relationship works better than Shinichi and Ran's at the plot level because it doesn't need to be hidden. Their dynamic can develop openly. The Shinichi/Ran relationship is narratively frozen by the secret — it can't progress without the secret resolving, which means it stays static for hundreds of chapters.",analysis,comparative relationship analysis using structural plot constraints as the core argument
"The escalation of action set pieces in the films — from a bomb on a building in Movie 1 to skyscrapers, planes, and submarines in later entries — is not a sign of improving quality. It reflects the films responding to box office pressure rather than mystery logic. The best Conan films are ones where the action serves the mystery, not the other way around.",analysis,thematic argument about film quality using a trend across multiple movies as evidence
"Amuro/Bourbon is the most structurally complex character introduced post-volume 60. He is simultaneously working for the organization, working for the police under a separate identity, and has a personal vendetta. Three overlapping allegiances with no clear hierarchy between them makes his every scene carry more interpretive weight than any other character's.",analysis,character complexity argument with three specific allegiances named and analyzed
"The reason Shinichi's parents are never developed as emotional characters — only as plot devices — is that giving them depth would require Gosho to address Shinichi's abandonment arc directly. Instead, Yuusaku and Yukiko are kept charming and functional. Their lightness is a deliberate narrative avoidance.",analysis,authorial intent argument backed by a structural observation about how the parents are used narratively
"The Rum arc is interesting but Gosho is clearly just stalling at this point. Three suspects introduced over hundreds of chapters and none of them resolved yet.",hot_take,opinion about stalling — the stat (three suspects) is decorative not argumentative per decision rule
Haibara is a better character than Ran and it's not even close.,hot_take,bold ranking claim with no reasoning
"Conan should have just told the police everything about the Black Organization years ago. The whole secrecy plot stopped making sense after volume 40.",hot_take,confident opinion about plot logic with no structured argument
The Kaito Kid crossover episodes are the best thing to happen to this series in years.,hot_take,enthusiastic opinion stated without supporting reasoning
Shinichi and Ran are one of the most frustrating couples in anime history.,hot_take,strong opinion with no elaboration or evidence
The English dub calling him Jimmy Kudo instead of Shinichi is genuinely ruining the experience for new fans.,hot_take,bold opinion about localization stated without reasoned argument
Gosho should just end the series already. Every arc after the Vermouth reveal has been diminishing returns.,hot_take,confident claim about series quality with no specific arc comparisons
"The filler cases are better than the main plot arcs, actually. I said what I said.",hot_take,self-consciously bold opinion with zero supporting reasoning
Vermouth is the most interesting character in the series and it's not debatable.,hot_take,absolute claim stated with zero evidence
The manga is way better than the anime and anyone who started with the anime is missing out.,hot_take,strong preference stated as fact with no supporting argument
"Kogoro would be a top-tier detective if he just put down the beer. Raw talent is there, the work ethic isn't.",hot_take,character judgment stated as confident opinion without specific examples
Sera should have been introduced 300 chapters earlier. Her dynamic with the main cast is wasted this late in the series.,hot_take,frustrated opinion about pacing stated without structural argument
The Black Organization is scary in theory but every time they actually appear on screen they get outsmarted somehow.,hot_take,pattern observation stated as a complaint — no specific episode or chapter evidence
Akai Shuichi is hands down the coolest character Gosho has ever written. No one else comes close.,hot_take,superlative ranking with zero supporting reasoning
"The series peaked at the Vermouth arc. Everything after has been good but nothing has matched that level of tension, mystery, and character revelation.",hot_take,quality judgment stated as opinion — the named arc is a label not an argument
"If Gosho ever actually kills off a major character permanently, the fandom will explode. But he won't, because he never does.",hot_take,cynical prediction stated as confident opinion
Detective Conan has the best episodic mystery writing of any long-running shounen and it's not close.,hot_take,absolute ranking claim with no comparative evidence
The Shinichi/Ran romance is the weakest part of the entire series. It's been the same non-conversation for 30 years.,hot_take,confident opinion about a plot element with no structured critique
Rum is obviously Kuroda. The clues have been pointing there since his introduction.,hot_take,confident identity claim stated without walking through the actual clues as argument
"The movies are fun spectacle but have nothing to do with what makes the manga great. They're basically theme park rides at this point.",hot_take,bold opinion about the films stated without specific examples
Wakita Kanenori is too obviously suspicious to actually be Rum. Gosho is smarter than that.,hot_take,meta-reasoning opinion stated without analyzing the actual suspect evidence
"JUST FINISHED THE VERMOUTH ARC AND I CANNOT BREATHE. The Sharon Vineyard reveal broke me completely. I did not see that coming at all.",reaction,all-caps emotional explosion immediately after finishing an arc
"That scene where Ran almost figures out Conan is Shinichi and he has to lie to her face — I genuinely felt sick. Every single time.",reaction,emotional reaction to a recurring scene — expressing visceral feeling
"Okay the Detective Boys episode where Ai finally smiles because of them is one of the most unexpectedly emotional moments in the whole series. I was not prepared.",reaction,surprised emotional reaction to a specific moment
"I just started watching and I'm on episode 40 and I'm already obsessed. How is there this much show and it's still this good??",reaction,early-series excitement reaction
"The Bourbon reveal episode. I stopped everything I was doing and just stared at the screen for five minutes.",reaction,immediate stunned reaction to a reveal
"Chapter just dropped and I'm devastated. I'm not going to be okay until next week.",reaction,real-time chapter reaction expressing distress
"Rewatching the Haibara introduction arc and I forgot how dark it gets so fast. She shows up and suddenly the whole show shifts tone.",reaction,rewatch emotional observation — tone shift registered as a feeling
"The scene where Conan plays that song on the harmonica and Ran recognizes it — I have rewatched it six times. I will rewatch it six more.",reaction,repeated-rewatch reaction expressing strong emotional attachment to a specific scene
"First time through the Scarlet series and I genuinely did not breathe for three episodes straight. How does this show do that.",reaction,binge reaction expressing physical tension — no analysis
"Just got to the part where we find out what happened to Shiho's parents and I had to pause for ten minutes. Absolutely devastating backstory.",reaction,pause-and-process reaction to an emotional reveal
"That moment in the Desperate Revival arc where Shinichi says 'there is only one truth' to Ran and she still doesn't know — I burst into tears. Every time.",reaction,emotional reaction to a specific scene — recurring cry
"Watching Conan try to protect everyone while being a literal child's body is genuinely heartbreaking when you think about it for too long.",reaction,emotional reflection on Conan's situation — feeling-driven not argument-driven
"The opening theme Magic changed mid-series and I was genuinely upset about it for a week. That song was my whole childhood.",reaction,nostalgic emotional reaction to a production change
"The moment Amuro reveals his true name and affiliations and just smirks — I rewound it four times. What a scene.",reaction,multiple-rewatch reaction to a character moment
"Episode with Heiji figuring out that Conan is Shinichi and just absolutely roasting him for it — I was dying the entire time. Best comedic episode in the series.",reaction,laughter reaction to a comedic episode — expressing delight
"Just finished the Sunset Mansion arc and I've been sitting here for 20 minutes processing. The ending hit completely differently than I expected.",reaction,post-arc processing reaction
"The entire fandom just collectively lost their minds over that last chapter drop and honestly I'm right there with them.",reaction,shared fandom reaction — expressing communal emotional moment
"That scene where Haibara and Conan watch the sunset together and she talks about whether she deserves to live — I was not okay. Still not okay.",reaction,emotional reaction to a specific quiet scene
"Watching this series for the first time and every time the BO shows up I get genuinely scared. They feel like a real threat in a way most anime villains don't.",reaction,ongoing first-watch emotional reaction — fear as a real feeling
"The movie where Ran is on the burning ship and Conan has to save her AGAIN and I'm watching with my heart in my throat AGAIN even though I've seen it three times.",reaction,repeat-watch tension reaction
"The pacing difference between the Black Organization arcs and the filler mystery cases is intentional at a structural level. The BO arcs use multi-chapter setups with callbacks across dozens of chapters. The filler cases resolve in two to three chapters with no callbacks. This two-speed structure lets Gosho maintain both episodic accessibility and long-form payoff, which is genuinely difficult to sustain at 1000+ chapters.",analysis,
"Vermouth's special treatment by the Boss is the clearest evidence that the Boss has a personal dimension beyond organizational logic. Every other member is expendable — we see Gin execute members without hesitation. Vermouth survives direct insubordination. The only satisfying explanation is a personal bond, most likely familial.",analysis,
The Kudo family dynamic is deliberately mirrored in the Akai family. Both have an absent father figure whose disappearance drives the children's motivations. Shinichi solves cases because Yuusaku taught him to. Shuichi joined the FBI because of Tsutomu. The parallel is too precise to be accidental — it's a thematic argument about inheritance of purpose.,analysis,
"Kaito Kid's no-kill rule and Conan's truth-at-any-cost rule are set up as parallel moral codes that occasionally conflict. The most interesting Kid episodes are ones where Conan has to accept that Kid's method — misdirection, theft, nonviolence — produces a better outcome than Conan's method would have. Movie 8 is the clearest example of this forced moral comparison.",analysis,
"The Bourbon arc is constructed as a slow-burn identity puzzle that rewards patient readers. Rei Furuya's three identities — Amuro at the cafe, Bourbon in the org, Zero in public security — each carry different behavioral signatures. Gosho is careful not to let any one identity fully dominate a scene, which is why it takes so long to feel confident about his allegiances.",analysis,
"The fact that Conan regularly solves cases that professional detectives cannot is not a power fantasy — it's a structural necessity. If adult detectives were competent, there would be no narrative space for Conan to operate. Kogoro and Megure have to fail so that the child-in-an-adult-world tension can remain active.",analysis,
"The serial killer cases in Detective Conan are handled differently from the isolated murder cases: the culprit is usually revealed earlier, and the tension shifts from whodunnit to why-and-how-will-Conan-stop-it. This genre shift within the series shows Gosho is willing to use different mystery structures depending on emotional tone.",analysis,
"Mary Sera being de-aged is more plot-significant than it first appears because it removes the one adult who knows the full history of the Akai family from being able to act in adult contexts. She cannot go to the FBI. She cannot approach her son directly without suspicion. The shrinking is a narrative isolation device, not just a mystery hook.",analysis,
The Conan-Heiji partnership works because they have inverted strengths. Conan is better at physical evidence and organizational thinking. Heiji is better at reading people and local knowledge. Cases that pair them work best when both dimensions of the mystery require attention — which is why the Osaka-set cases tend to be stronger than average.,analysis,
"Gosho's use of recurring minor characters — Takagi, Sato, Chiba — as subplot vehicles is structurally clever. They carry emotional arcs that don't require Conan's involvement, which gives the series texture and makes the world feel larger than the main mystery. The Takagi near-death episode only works because we've spent 200+ chapters with him as a background presence.",analysis,
"The Agasa character is more narratively functional than he appears. He is the only adult who knows the truth, can build gadgets, and has no competing obligations. Removing him would require restructuring Conan's entire operational capability. He is load-bearing infrastructure disguised as comic relief.",analysis,
Ran's martial arts ability is the one area where the series consistently allows her genuine competence without requiring Conan to intervene. This is a deliberate choice — it gives her agency in physical threat scenarios and prevents her from being purely a damsel figure. The problem is it's inconsistently deployed: some arcs forget she can fight.,analysis,
"The Haneda Kohji case functions as a meta-mirror of the Shinichi shrinking case. In both, a person is killed after witnessing something the Organization wanted hidden. The parallel is the series' way of showing that the Organization has been using the same suppression method for decades — not improvising, but running a standard procedure.",analysis,
"Ai Haibara's threat model is more sophisticated than Conan's. Conan thinks about individual cases. Haibara thinks about systemic exposure — who is watching, what patterns reveal them, what the org already knows. This difference in threat modeling is the core of their dynamic: they protect each other from their own blind spots.",analysis,
"The recurring motif of Shinichi referencing Sherlock Holmes establishes an interpretive frame that the series then subverts. Holmes solves everything alone. Conan consistently relies on Heiji, Haibara, Agasa, and increasingly Amuro. The series is quietly arguing that the lone genius model is insufficient — detection requires a network.",analysis,
"Sonoko functions as a class and wealth lens on the cases. Her family's connections mean she appears in high-society crimes — kidnappings, inheritance murders, art thefts. This is not random: Gosho uses her to access social settings that wouldn't be plausible for a middle-class detective's daughter to encounter organically.",analysis,
The Scarlet Showdown arc is the most technically dense arc in the series because it requires tracking four simultaneous identity layers: Akai as Subaru as Okiya as the FBI asset embedded in the org. Each layer has a different audience within the story — characters who know different amounts. Gosho manages the information asymmetry without a single major continuity error.,analysis,
"The organization's use of code names based on alcohol signals something about their self-image: they see themselves as sophisticated, European, elite. The code names are not operational — they are cultural. This detail makes the organization feel like it has an internal mythology, which is more threatening than a purely functional criminal group.",analysis,
"The Conan-Amuro dynamic in scenes where both are pretending not to know the other's identity is the series at its most formally complex. Two characters each fully aware of the other's secret, neither able to act on that knowledge, forced to perform ignorance. Every line of dialogue carries a second meaning. Very few scenes in shounen manga operate at this density.",analysis,
"The case structure in early Detective Conan episodes follows a three-act pattern: crime discovery, false lead, correct deduction. By volume 50 this has evolved to include a fourth act — the culprit's emotional context — that transforms the case from a puzzle into a moral question. This structural shift is the series' most significant narrative development.",analysis,
"Mitsuhiko's role in the Detective Boys is underappreciated. He functions as the research layer — when the kids need information they can't access through observation, Mitsuhiko finds it through books or databases. This makes him load-bearing for cases where the clue is historical or scientific, even though he gets less screen time than Ayumi or Genta.",analysis,
The APTX plot thread and the romantic plot thread are structurally antagonistic. Conan cannot return to Shinichi without resolving APTX. He cannot resolve APTX without confronting the Organization. He cannot confront the Organization without endangering Ran. The romantic tension is therefore not a sideplot — it is the mechanism that prevents the main plot from resolving.,analysis,
"Yusaku Kudo's rare appearances are calibrated to function as benchmarks for Conan's growth. Each time Yusaku appears and engages with a case, we get a direct comparison between the father's capability and the son's. The series has been careful to show Conan closing the gap across the years, which is a form of long-form character development that doesn't require dialogue to land.",analysis,
"The Vermouth arc's central emotional question — can someone who has done evil things choose not to be evil — is answered not through dialogue but through behavior. Vermouth protects Ran and Conan not because she is told to, but because she chooses to. The series embeds its thematic argument in action rather than monologue, which is rare for long-form manga.",analysis,
"The Black Organization's internal tension between Gin and Vodka, Rum's shadowy authority, and Bourbon's independent agenda represents a deliberate structural parallel to the conflict between Conan, the police, and the FBI. Both sides are fragmented coalitions with imperfect communication — neither is a unified force. This symmetry makes the eventual confrontation feel like it will be chaotic rather than clean.",analysis,
"Heiji's dialect — Kansai-ben — is a narrative tool as much as a character detail. It immediately marks him as an outsider in Tokyo-set cases, creates a comedic register distinct from Conan's more formal narration, and implicitly signals that his approach to detection is intuitive rather than methodical. The dialect does character work that would otherwise require dialogue.",analysis,
"The longest-running unresolved thread in the series is not Rum's identity or the Boss's name — it is the identity of Tsutomu Akai. He is the only named missing character whose absence is treated as an active mystery rather than settled backstory. This suggests he will be plot-relevant at resolution time, not merely revealed as dead.",analysis,
"Kogoro solving the Luxury Liner case without Conan's help is narratively significant because it demonstrates the show knows what a competent Kogoro looks like. The contrast with his usual performance is the point: the show is not incompetent in its portrayal, it is deliberately inconsistent as a character choice.",analysis,
"The series' treatment of memory and identity — Conan is Shinichi but also genuinely becoming Conan over time — is its most philosophically interesting thread. After 1000 chapters as a child, Shinichi's adult self is increasingly theoretical. The series hasn't fully addressed what 'returning to Shinichi' would cost the parts of him that are now Conan.",analysis,
"Jodie Starling's initial presentation as a comedic English teacher is a deliberate red herring. Her mannerisms — the fragmented English, the apparent clumsiness — mirror the kind of surface-level incompetence that conceals serious capability. When her FBI role is revealed, it recontextualizes every prior scene with her in it. That recontextualization is the structural reward Gosho is building toward.",analysis,
The Conan series uses geography as character. Tokyo cases feel procedural and institutional. Osaka cases feel warmer and more intuitive — Heiji's domain. The Kyoto arc cases feel ceremonial and traditional. Gosho maps emotional register onto location in a way that means setting is never neutral.,analysis,
"The recurring detail that Conan's watch-gadget requires aiming precisely at the target — and sometimes hits the wrong person — is both a running joke and a subtle constraint. It means Conan cannot use it in crowded scenes without risk, which limits when the show can resolve a physical confrontation using that device. It is a self-imposed narrative constraint that creates tension.",analysis,
"Amuro ordering coffee at Poirot while gathering intelligence is the clearest example of how the series uses mundane settings to carry operational weight. He is not having coffee. Every interaction in that cafe is information collection or relationship management. Ordinary scenes become surveillance theater, which is how the best spy fiction works.",analysis,
The series' handling of Conan's skateboard and soccer ball gadgets is worth examining as worldbuilding. Agasa modifies plausible-looking objects to function as tools. The constraint — everything must look like something a child would own — forces creative solutions that also happen to be consistent with Conan's cover identity. Constraint-driven design is good storytelling craft.,analysis,
"Ran's repeated near-discoveries of Conan's identity are not plot failures — they are emotional beats. Each near-discovery tightens the dramatic irony. The audience knows more than Ran, which creates a specific kind of tension that only works if you care about both characters. Gosho is calibrating how much tension the audience can bear without resolution.",analysis,
"The Kohji Haneda murder case is the best constructed cold case in the series because it requires understanding both the victim's personality and the killer's method before the motive becomes clear. Unlike most cold cases which are just older whodunnits, this one has a structural puzzle embedded inside the historical mystery.",analysis,
"Eisuke Hondo's arc is underrated because it shows the organization from the perspective of an outsider who is also an insider — his sister is Kir, meaning he is both a victim of the org and connected to it without knowing it. That position lets Gosho show the organization's reach into ordinary people's lives in a way the main cast cannot.",analysis,
"The series' length is not purely commercial. Gosho has said the ending requires the main BO conflict to resolve. That conflict requires Rum's identity, the Boss's identity, and the APTX cure to all converge. Each of those threads has its own setup requirements. The length is a function of the structural complexity of the ending Gosho has committed to delivering.",analysis,
The Decisive Moment arc where Conan confronts Pisco and Pisco is killed by Gin is structurally important because it establishes that the organization eliminates members the moment they become a liability. This is not a rumor or a threat — the audience sees it happen to a senior member in real time. It is the scene that makes the org genuinely frightening.,analysis,
"The pacing of the Rum reveal has been stretched across too many volumes to be accidental. Gosho is withholding it as the final major mystery anchor — once Rum is identified, the series enters its endgame. The delay is structural gatekeeping, not filler.",analysis,
Conan is a worse protagonist than Heiji and the series should have made the switch permanently.,hot_take,
The Black Organization would have won if Gin just did things himself instead of delegating.,hot_take,
Kaito Kid episodes are always more fun than the Black Organization episodes.,hot_take,
Ran is the most underwritten major character in any long-running manga.,hot_take,
The series should have ended at volume 50. Everything after is bonus content at this point.,hot_take,
Amuro is way more compelling than Akai and it's not even a competition.,hot_take,
The movies peaked with Captured in Her Eyes and have been declining ever since.,hot_take,
Heiji and Kazuha are a more interesting couple than Shinichi and Ran by every possible metric.,hot_take,
The anime filler arcs are completely skippable and you lose nothing important by jumping straight to canon.,hot_take,
Gosho is afraid to kill any character who matters and it makes the stakes feel fake.,hot_take,
Haibara is the actual main character of this series and Conan is just the vehicle.,hot_take,
The Rum suspects are all red herrings and Rum is going to turn out to be someone we never suspected.,hot_take,
The series has way too many characters at this point. Half of them could be cut and nothing would change.,hot_take,
Gin should have been the final boss all along. Making Karasuma the boss was a mistake.,hot_take,
The anime original movies are better written than most of the canon arcs in the manga.,hot_take,
Conan using Kogoro as a puppet every episode is the most ethically uncomfortable running gag in anime.,hot_take,
The series treats its female characters well compared to most shonen and people undersell this.,hot_take,
Vermouth is not redeemable and the show is fooling itself if it thinks she can be.,hot_take,
Every Sonoko episode is a wasted episode. Her only function is to put Conan in places he wouldn't otherwise be.,hot_take,
The English dub is actually good and the purist backlash against it is overblown.,hot_take,
Ran figuring out Conan is Shinichi and choosing not to say anything is the most likely explanation at this point.,hot_take,
The best version of this series ends with Shinichi staying as Conan because going back would change too much.,hot_take,
Genta adds nothing to the Detective Boys and every scene with him is a slower scene.,hot_take,
Wakita is definitely Rum. The sushi chef angle is too obviously suspicious to be a real red herring.,hot_take,
The series has never written a female villain as effectively as any of its male villains.,hot_take,
Shinichi and Heiji's rivalry is the emotional heart of the show and the romance plot is a distraction from it.,hot_take,
Conan would have been caught as Shinichi by now if literally anyone in this series paid close attention.,hot_take,
The Scarlet series arc is overrated. The twists rely on information being hidden from the audience unfairly.,hot_take,
"There is no satisfying ending possible for this series at this point. Too many threads, too little time.",hot_take,
The Detective Boys should have been phased out by volume 30. They belong in a completely different show.,hot_take,
Vermouth's immunity from the Boss is the biggest plot hole in the series and no explanation will satisfy me.,hot_take,
Yusaku Kudo being a better detective than Conan is quietly the funniest ongoing joke in the series.,hot_take,
The series peaked when it was a pure mystery show and adding all the spy thriller elements was a mistake.,hot_take,
Anyone who says the filler cases are bad has never actually watched the classic early episodes carefully.,hot_take,
THAT ENDING. I need to lie down. I need to lie down for a year.,reaction,
I started this series as a joke and now I have consumed 400 episodes and I have no regrets and also no sleep.,reaction,
The Scarlet series just destroyed me. I thought I knew what was going to happen and I was completely wrong.,reaction,
Just got to the Haibara backstory episode and I had to take a walk outside afterwards. That was heavy.,reaction,
Okay I watched the Vermouth reveal for the first time and I genuinely gasped out loud alone in my apartment.,reaction,
The episode where Conan is separated from everyone in the theme park and you think something awful is going to happen — my heart did not recover.,reaction,
I cannot believe this show made me cry over a filler case about a pastry chef. What is happening to me.,reaction,
"The way the Detective Boys were genuinely scared in that episode — I was scared too. Full immersion, did not expect it.",reaction,
Every time the Black Organization theme plays I feel a physical sense of dread now. It has been trained into me.,reaction,
Episode where Haibara almost gets caught and Conan has to act completely normal — I was dying. I physically could not sit still.,reaction,
Just rewatched the scene where Ran punches a bad guy while crying and I think about it constantly.,reaction,
Watching this show for the first time in 2024 and the Pisco episode just happened and I'm genuinely shaken.,reaction,
I've been in this fandom for five years and every new chapter drop still makes my whole week.,reaction,
The Ran-almost-drowning scene in the movie had me completely useless for the rest of the night.,reaction,
The subplot about Matsuda and Sato absolutely broke my heart and it was a filler arc. How.,reaction,
My friend recommended this series as a kids detective show. I just finished the Vermouth arc. I have to call them.,reaction,
That scene in the Desperate Revival where Shinichi has to leave again — I was shaking. Genuine shaking.,reaction,
Watching the series in order for the first time and the tonal shift when the BO stuff gets serious is JARRING in the best way.,reaction,
The volume 26 twist hit me out of nowhere and I just sat holding my phone for a few minutes.,reaction,
Every time the series cuts away right before Ran figures it out I make a sound that shouldn't come from a human.,reaction,
I thought I was just going to watch a few episodes. It is now 3am and I have to work tomorrow and I am not stopping.,reaction,
The Aoyama cameo episode where he pokes fun at his own series is one of the most delightful things I've watched all year.,reaction,
The chapter dropped today and I am completely unwell. Just putting that out there.,reaction,
Heiji showing up unexpectedly in that arc made me cheer out loud by myself like an idiot. Worth it.,reaction,
The cold open of the Scarlet Return arc is one of the most stressful things I have ever watched voluntarily.,reaction,
Just got to episode 162 for the first time and I now understand every cryptic thing this fandom has ever said.,reaction,
The Haibara smile moment after the Detective Boys cheer her up — I had to pause because I started smiling like an idiot.,reaction,
I did not expect a Detective Conan chapter to ruin my entire morning but here we are.,reaction,
That moment where Conan and Haibara just look at each other and don't say anything and everything is communicated — perfect scene.,reaction,
My heart literally skipped when Amuro and Akai were in the same space and both knew who the other was. The tension!,reaction,
Conan catching Ran before she falls in that episode and she still doesn't realize — I was yelling at my screen.,reaction,
The Black Organization suddenly appearing at the end of what felt like a normal filler case — I screamed. No warning.,reaction,
I finished the Raven Chaser movie and immediately needed to talk to someone about it but everyone was asleep.,reaction,
Just caught up to the current manga chapter after a month-long binge. The waiting is going to kill me.,reaction,
